Nombre,Descripción
Acuática,Las mareas obedecen a quienes saben escucharlas. El mar no tiene forma propia: la toma de lo que encuentra y lo arrastra consigo.
Cavernas,"Bajo cada montaña hay un mundo que nunca ha visto el sol. Aprende a moverse en él y el silencio de la piedra se convierte en un arma.
"
Praderas,El viento no tiene nombre porque pertenece a todos los lugares al mismo tiempo. Aprende a moverte como él y ninguna distancia volverá a detenerte.
Montañas,"La montaña no necesita moverse para dominar el horizonte. Su poder no está en la velocidad, sino en la certeza absoluta de que nada la moverá de su lugar."
Polar,"El frío no mata de golpe. Primero ralentiza, luego entumece, luego preserva. Lo que el frío toca queda detenido para siempre en el instante en que lo alcanzó."
Desierto,"La arena no tiene lealtades. Cubre huellas, entierra ciudades, engaña a los ojos. El desierto no mata con violencia: mata con paciencia y con el calor de la verdad aplastante."
Urbana,"La ciudad es un ecosistema. Tiene depredadores, presas, territorios y recursos. Quien aprende a leerla como un bosque nunca está en desventaja entre sus calles."
Bosques,"El bosque no ataca. Espera. Y cuando espera lo suficiente, lo que entró en él ya no recuerda cómo salir."
Pantano,El pantano no engaña porque quiera hacerte daño. Lo hace porque así es como respira. Entra en él y el entorno mismo se vuelve indistinguible de una trampa viva.